structure,n,position,operation,avg_time_ms,element_movements
DynamicArray,100,beginning,insert,1.4028599999999998,100000
DynamicArray,100,beginning,remove,0.15172000000000002,100000
LinkedList,100,beginning,insert,0.1815,1000
LinkedList,100,beginning,remove,0.017599999999999998,1000
DynamicArray,100,middle,insert,0.54406,50000
DynamicArray,100,middle,remove,0.01532,50000
LinkedList,100,middle,insert,0.15261999999999998,50000
LinkedList,100,middle,remove,0.01966,50000
DynamicArray,1000,beginning,insert,1.1702800000000002,1000000
DynamicArray,1000,beginning,remove,0.9657,1000000
LinkedList,1000,beginning,insert,0.07504000000000001,1000
LinkedList,1000,beginning,remove,0.08016,1000
DynamicArray,1000,middle,insert,0.76274,500000
DynamicArray,1000,middle,remove,0.1613,500000
LinkedList,1000,middle,insert,1.04894,500000
LinkedList,1000,middle,remove,0.50148,500000
DynamicArray,10000,beginning,insert,7.4198,10000000
DynamicArray,10000,beginning,remove,6.5815,10000000
LinkedList,10000,beginning,insert,0.01646,1000
LinkedList,10000,beginning,remove,0.02012,1000
DynamicArray,10000,middle,insert,3.8742999999999994,5000000
DynamicArray,10000,middle,remove,3.78024,5000000
LinkedList,10000,middle,insert,5.69746,5000000
LinkedList,10000,middle,remove,5.64148,5000000
DynamicArray,100000,beginning,insert,81.92233999999999,100000000
DynamicArray,100000,beginning,remove,83.13078000000002,100000000
LinkedList,100000,beginning,insert,0.047420000000000004,1000
LinkedList,100000,beginning,remove,0.03504,1000
DynamicArray,100000,middle,insert,41.0526,50000000
DynamicArray,100000,middle,remove,37.17286,50000000
LinkedList,100000,middle,insert,57.849599999999995,50000000
LinkedList,100000,middle,remove,58.2716,50000000
